{
  "type": "minecraft:crafting_shaped",
  "pattern": [
      "#S#",
      "FEF",
      "#X#"
  ],
  "key": {
      "#": {
          "item": "minecraft:music_disc_5"
      },
      "S": {
          "item": "minecraft:sculk_shrieker"
      },
      "F": {
          "item": "minecraft:sculk_sensor"
      },
      "E": {
          "item": "minecraft:egg"
      },
      "X": {
          "item": "minecraft:sculk_catalyst"
      }
  },
  "result": {
      "id": "minecraft:warden_spawn_egg",
      "count": 1
  }
}