{
    "display": {
        "icon": {
            "id": "minecraft:allay_spawn_egg"
        },
        "title": "Craft Spawn Eggs                                                                                                                 ",
        "description": [
          "",
          {
              "text": "Spawn Eggs are craftable!\n",
              "color": "white"
          },
          {
              "text": "\n",
              "color": "yellow"
          },
          {
              "text": "/trigger",
              "color": "yellow"
          },
          {
              "text": " help.craftspawneggs\n",
              "color": "yellow"
          },
          {
              "text": "for help\n",
              "color": "white"
          },
          {
              "text": "\n",
              "color": "green"
          },
          {
              "text": "Datapack version: ",
              "color": "dark_green"
          },
          {
              "text": "v.2.1.5",
              "color": "green"
          },
          {
              "text": "\n",
              "color": "green"
          },
          {
              "text": "Game version: ",
              "color": "dark_green"
          },
          {
              "text": "1.21",
              "color": "green"
          },
          {
              "text": "\n",
              "color": "green"
          },
          {
              "text": "\n",
              "color": "green"
          },
          {
              "text": "modrinth.com/datapack/craft-spawn-eggs",
              "color": "dark_purple"
          }
      ],
        "frame": "task",
        "show_toast": false,
        "announce_to_chat": false
    },
    "parent": "jodek:crafting",
    "criteria": {
        "tick": {
            "trigger": "minecraft:tick"
        }
    }
  }
  
