{
  "criteria": {
    "Always": {
      "trigger": "minecraft:tick"
    }
  },
  "rewards": {
    "recipes": [
      "jodek:allay_spawn_egg",
      "jodek:axolotl_spawn_egg",
      "jodek:bat_spawn_egg",
      "jodek:bee_spawn_egg",
      "jodek:blaze_spawn_egg",
      "jodek:camel_spawn_egg",
      "jodek:cat_spawn_egg",
      "jodek:cave_spider_spawn_egg",
      "jodek:chicken_spawn_egg",
      "jodek:cod_spawn_egg",
      "jodek:cow_spawn_egg",
      "jodek:creeper_spawn_egg",
      "jodek:dolphin_spawn_egg",
      "jodek:donkey_spawn_egg",
      "jodek:drowned_spawn_egg",
      "jodek:elder_guardian_spawn_egg",
      "jodek:enderman_spawn_egg",
      "jodek:endermite_spawn_egg",
      "jodek:evoker_spawn_egg",
      "jodek:fox_spawn_egg",
      "jodek:frog_spawn_egg",
      "jodek:ghast_spawn_egg",
      "jodek:guardian_spawn_egg",
      "jodek:goat_spawn_egg",
      "jodek:hoglin_spawn_egg",
      "jodek:horse_spawn_egg",
      "jodek:llama_spawn_egg",
      "jodek:magma_cube_spawn_egg",
      "jodek:mooshroom_spawn_egg",
      "jodek:mule_spawn_egg",
      "jodek:ocelot_spawn_egg",
      "jodek:panda_spawn_egg",
      "jodek:parrot_spawn_egg",
      "jodek:phantom_spawn_egg",
      "jodek:pig_spawn_egg",
      "jodek:piglin_brute_spawn_egg",
      "jodek:piglin_spawn_egg",
      "jodek:pillager_spawn_egg",
      "jodek:polar_bear_spawn_egg",
      "jodek:pufferfish_spawn_egg",
      "jodek:rabbit_spawn_egg",
      "jodek:ravager_spawn_egg",
      "jodek:salmon_spawn_egg",
      "jodek:sheep_spawn_egg",
      "jodek:shulker_spawn_egg",
      "jodek:silverfish_spawn_egg",
      "jodek:skeleton_horse_spawn_egg",
      "jodek:skeleton_spawn_egg",
      "jodek:slime_spawn_egg",
      "jodek:sniffer_spawn_egg",
      "jodek:snow_golem_spawn_egg",
      "jodek:spider_spawn_egg",
      "jodek:squid_spawn_egg",
      "jodek:stray_spawn_egg",
      "jodek:strider_spawn_egg",
      "jodek:tadpole_spawn_egg",
      "jodek:trader_llama_spawn_egg",
      "jodek:tropical_fish_spawn_egg",
      "jodek:turtle_spawn_egg",
      "jodek:vex_spawn_egg",
      "jodek:villager_spawn_egg",
      "jodek:vindicator_spawn_egg",
      "jodek:wandering_trader_spawn_egg",
      "jodek:warden_spawn_egg",
      "jodek:witch_spawn_egg",
      "jodek:wither_skeleton_spawn_egg",
      "jodek:wolf_spawn_egg",
      "jodek:zoglin_spawn_egg",
      "jodek:zombie_horse_spawn_egg",
      "jodek:zombie_spawn_egg",
      "jodek:zombie_villager_spawn_egg",
      "jodek:zombified_piglin_spawn_egg",
      "jodek:zombie_villager_spawn_egg",
      "jodek:iron_golem_spawn_egg"
    ]
  }
}
